Player,Team,Age,GP,Min,PTS,AST,REB,FG%,3P%,FT%,YEAR,MVP
Joel Embiid,PHI,28,68,33.8,30.6,4.2,11.7,49.9,37.1,81.4,2022,0
LeBron James,LAL,37,56,37.2,30.3,6.2,8.2,52.4,35.9,75.6,2022,0
Giannis Antetokounmpo,MIL,27,67,32.9,29.9,5.8,11.6,55.3,29.3,72.2,2022,0
Kevin Durant,BKN,33,55,37.2,29.9,6.4,7.4,51.8,38.3,91.0,2022,0
Luka Doncic,DAL,23,65,35.4,28.4,8.7,9.1,45.7,35.3,74.4,2022,0
Trae Young,ATL,23,76,34.9,28.4,9.7,3.7,46.0,38.2,90.4,2022,0
DeMar DeRozan,CHI,32,76,36.1,27.9,4.9,5.2,50.4,35.2,87.7,2022,0
Kyrie Irving,BKN,30,29,37.6,27.4,5.8,4.4,46.9,41.8,91.5,2022,0
Ja Morant,MEM,22,57,33.1,27.4,6.7,5.7,49.3,34.4,76.1,2022,0
Nikola Jokic,DEN,27,74,33.5,27.1,7.9,13.8,58.3,33.7,81.0,2022,1
Jayson Tatum,BOS,24,76,35.9,26.9,4.4,8.0,45.3,35.3,85.3,2022,0
Devin Booker,PHX,25,68,34.5,26.8,4.8,5.0,46.6,38.3,86.8,2022,0
Donovan Mitchell,UTA,25,67,33.8,25.9,5.3,4.2,44.8,35.5,85.3,2022,0
Stephen Curry,GSW,34,64,34.5,25.5,6.3,5.2,43.7,38.0,92.3,2022,0
Karl-Anthony Towns,MIN,26,74,33.5,24.6,3.6,9.8,52.9,41.0,82.2,2022,0
Stephen Curry,GSW,33,63,34.2,32.0,5.8,5.5,48.2,42.1,91.6,2021,0
Bradley Beal,WAS,28,60,35.8,31.3,4.4,4.7,48.5,34.9,88.9,2021,0
Damian Lillard,POR,30,67,35.8,28.8,7.5,4.2,45.1,39.1,92.8,2021,0
Joel Embiid,PHI,27,51,31.1,28.5,2.8,10.6,51.3,37.7,85.9,2021,0
Giannis Antetokounmpo,MIL,26,61,33.0,28.1,5.9,11.0,56.9,30.3,68.5,2021,0
Luka Doncic,DAL,22,66,34.3,27.7,8.6,8.0,47.9,35.0,73.0,2021,0
Zach LaVine,CHI,26,58,35.1,27.4,4.9,5.0,50.7,41.9,84.9,2021,0
Zion Williamson,NOP,20,61,33.2,27.0,3.7,7.2,61.1,29.4,69.8,2021,0
Kevin Durant,BKN,32,35,33.1,26.9,5.6,7.1,53.7,45.0,88.2,2021,0
Kyrie Irving,BKN,29,54,34.9,26.9,6.0,4.8,50.6,40.2,92.2,2021,0
Jayson Tatum,BOS,23,64,35.8,26.4,4.3,7.4,45.9,38.6,86.8,2021,0
Donovan Mitchell,UTA,24,53,33.4,26.4,5.2,4.4,43.8,38.6,84.5,2021,0
Nikola Jokic,DEN,26,72,34.6,26.4,8.3,10.8,56.6,38.8,86.8,2021,1
Devin Booker,PHX,24,67,33.9,25.6,4.3,4.2,48.4,34.0,86.7,2021,0
Trae Young,ATL,22,63,33.7,25.3,9.4,3.9,43.8,34.3,88.6,2021,0
James Harden,HOU,30,68,36.5,34.3,7.5,6.6,44.4,35.5,86.5,2020,0
Bradley Beal,WAS,27,57,36.0,30.5,6.1,4.2,45.5,35.3,84.2,2020,0
Damian Lillard,POR,29,66,37.5,30.0,8.0,4.3,46.3,40.1,88.8,2020,0
Trae Young,ATL,21,60,35.3,29.6,9.3,4.3,43.7,36.1,86.0,2020,0
Giannis Antetokounmpo,MIL,25,63,30.4,29.5,5.6,13.6,55.3,30.4,63.3,2020,1
Luka Doncic,DAL,21,61,33.6,28.8,8.8,9.4,46.3,31.6,75.8,2020,0
Kyrie Irving,BKN,28,20,32.9,27.4,6.4,5.2,47.8,39.4,92.2,2020,0
Russell Westbrook,HOU,31,57,36.0,27.2,7.0,7.9,47.2,25.8,76.3,2020,0
Kawhi Leonard,LAC,29,57,32.4,27.1,4.9,7.1,47.0,37.8,88.6,2020,0
Devin Booker,PHX,23,70,35.9,26.6,6.5,4.2,48.9,35.4,91.9,2020,0
Karl-Anthony Towns,MIN,24,35,33.9,26.5,4.4,10.8,50.8,41.2,79.6,2020,0
Anthony Davis,LAL,27,62,34.4,26.1,3.2,9.3,50.3,33.0,84.6,2020,0
Zach LaVine,CHI,25,60,34.8,25.5,4.2,4.8,45.0,38.0,80.2,2020,0
LeBron James,LAL,35,67,34.6,25.3,10.2,7.8,49.3,34.8,69.3,2020,0
Donovan Mitchell,UTA,23,69,34.3,24.0,4.3,4.4,44.9,36.6,86.3,2020,0
James Harden,HOU,29,78,36.8,36.1,7.5,6.6,44.2,36.8,87.9,2019,0
Paul George,OKC,29,77,36.9,28.0,4.1,8.2,43.8,38.6,83.9,2019,0
Giannis Antetokounmpo,MIL,24,72,32.8,27.7,5.9,12.5,57.8,25.6,72.9,2019,1
Joel Embiid,PHI,25,64,33.7,27.5,3.7,13.6,48.4,30.0,80.4,2019,0
LeBron James,LAL,34,55,35.2,27.4,8.3,8.5,51.0,33.9,66.5,2019,0
Stephen Curry,GSW,31,69,33.8,27.3,5.2,5.3,47.2,43.7,91.6,2019,0
Kawhi Leonard,TOR,28,60,34.0,26.6,3.3,7.3,49.6,37.1,85.4,2019,0
Devin Booker,PHX,22,64,35.0,26.6,6.8,4.1,46.7,32.6,86.6,2019,0
Kevin Durant,GSW,30,78,34.6,26.0,5.9,6.4,52.1,35.3,88.5,2019,0
Anthony Davis,NOP,26,56,33.0,25.9,3.9,12.0,51.7,33.1,79.4,2019,0
Damian Lillard,POR,28,80,35.5,25.8,6.9,4.6,44.4,36.9,91.2,2019,0
Kemba Walker,CHH,29,82,34.9,25.6,5.9,4.4,43.4,35.6,84.4,2019,0
Bradley Beal,WAS,26,82,36.9,25.6,5.5,5.0,47.5,35.1,80.8,2019,0
Blake Griffin,DET,30,75,35.0,24.5,5.4,7.5,46.2,36.2,75.3,2019,0
Karl-Anthony Towns,MIN,23,77,33.0,24.4,3.4,12.4,51.8,40.0,83.6,2019,0
James Harden,HOU,28,72,35.4,30.4,8.8,5.4,44.9,36.7,85.8,2018,1
Anthony Davis,NOP,25,75,36.4,28.1,2.3,11.1,53.4,34.0,82.8,2018,0
LeBron James,CLE,33,82,36.9,27.5,9.1,8.6,54.2,36.7,73.1,2018,0
Damian Lillard,POR,27,73,36.6,26.9,6.6,4.5,43.9,36.1,91.6,2018,0
Giannis Antetokounmpo,MIL,23,75,36.7,26.9,4.8,10.0,52.9,30.7,76.0,2018,0
Stephen Curry,GSW,30,51,32.0,26.4,6.1,5.1,49.5,42.3,92.1,2018,0
Kevin Durant,GSW,29,68,34.2,26.4,5.4,6.8,51.6,41.9,88.9,2018,0
Russell Westbrook,OKC,29,80,36.4,25.4,10.3,10.1,44.9,29.8,73.7,2018,0
DeMarcus Cousins,NOP,27,48,36.2,25.2,5.4,12.9,47.0,35.4,74.6,2018,0
Devin Booker,PHX,21,54,34.5,24.9,4.7,4.5,43.2,38.3,87.8,2018,0
Kyrie Irving,BOS,26,60,32.2,24.4,5.1,3.8,49.1,40.8,88.9,2018,0
LaMarcus Aldridge,SAS,32,75,33.4,23.1,2.0,8.5,51.0,29.3,83.7,2018,0
Victor Oladipo,IND,26,75,34.0,23.1,4.3,5.2,47.7,37.1,79.9,2018,0
DeMar DeRozan,TOR,28,80,33.9,23.0,5.2,3.9,45.6,31.0,82.5,2018,0
Joel Embiid,PHI,24,63,30.4,22.9,3.2,11.0,48.3,30.8,76.9,2018,0
Russell Westbrook,OKC,28,81,34.6,31.6,10.4,10.7,42.5,34.3,84.5,2017,1
James Harden,HOU,27,81,36.4,29.1,11.2,8.1,44.0,34.7,84.7,2017,0
Isaiah Thomas,BOS,28,76,33.8,28.9,5.9,2.7,46.3,37.9,90.9,2017,0
Anthony Davis,NOP,24,75,36.1,28.0,2.1,11.8,50.5,29.9,80.2,2017,0
DeMar DeRozan,TOR,27,74,35.4,27.3,3.9,5.2,46.7,26.6,84.2,2017,0
Damian Lillard,POR,26,75,35.9,27.0,5.9,4.9,44.4,37.0,89.5,2017,0
DeMarcus Cousins,NOP,26,72,34.2,27.0,4.6,11.0,45.2,36.1,77.2,2017,0
LeBron James,CLE,32,74,37.8,26.4,8.7,8.6,54.8,36.3,67.4,2017,0
Kawhi Leonard,SAS,26,74,33.4,25.5,3.5,5.8,48.5,38.0,88.0,2017,0
Stephen Curry,GSW,29,79,33.4,25.3,6.6,4.5,46.8,41.1,89.8,2017,0
Kyrie Irving,CLE,25,72,35.1,25.2,5.8,3.2,47.3,40.1,90.5,2017,0
Karl-Anthony Towns,MIN,21,82,37.0,25.1,2.7,12.3,54.2,36.7,83.2,2017,0
Kevin Durant,GSW,28,62,33.4,25.1,4.8,8.3,53.7,37.5,87.5,2017,0
Jimmy Butler,CHI,27,76,37.0,23.9,5.5,6.2,45.5,36.7,86.5,2017,0
Paul George,IND,27,75,35.9,23.7,3.3,6.6,46.1,39.3,89.8,2017,0
Stephen Curry,GSW,28,79,34.2,30.1,6.7,5.4,50.4,45.4,90.8,2016,1
James Harden,HOU,26,82,38.1,29.0,7.5,6.1,43.9,35.9,86.0,2016,0
Kevin Durant,OKC,27,72,35.8,28.2,5.0,8.2,50.5,38.7,89.8,2016,0
DeMarcus Cousins,SAC,25,65,34.6,26.9,3.3,11.5,45.1,33.3,71.8,2016,0
LeBron James,CLE,31,76,35.6,25.3,6.8,7.4,52.0,30.9,73.1,2016,0
Damian Lillard,POR,25,75,35.7,25.1,6.8,4.0,41.9,37.5,89.2,2016,0
Anthony Davis,NOP,23,61,35.5,24.3,1.9,10.3,49.3,32.4,75.8,2016,0
Russell Westbrook,OKC,27,80,34.4,23.5,10.4,7.8,45.4,29.6,81.2,2016,0
DeMar DeRozan,TOR,26,78,35.9,23.5,4.0,4.5,44.6,33.8,85.0,2016,0
Paul George,IND,26,81,34.8,23.1,4.1,7.0,41.8,37.1,86.0,2016,0
Isaiah Thomas,BOS,27,82,32.2,22.2,6.2,3.0,42.8,35.9,87.1,2016,0
Klay Thompson,GSW,26,80,33.3,22.1,2.1,3.8,47.0,42.5,87.3,2016,0
Carmelo Anthony,NYK,32,72,35.1,21.8,4.2,7.7,43.4,33.9,82.9,2016,0
Blake Griffin,LAC,27,35,33.4,21.4,4.9,8.4,49.9,33.3,72.7,2016,0
Kyle Lowry,TOR,30,77,37.0,21.2,6.4,4.7,42.7,38.8,81.1,2016,0
Russell Westbrook,OKC,26,67,34.4,28.1,8.6,7.3,42.6,29.9,83.5,2015,0
James Harden,HOU,25,81,36.8,27.4,7.0,5.7,44.0,37.5,86.8,2015,0
Kevin Durant,OKC,26,27,33.8,25.4,4.1,6.6,51.0,40.3,85.4,2015,0
LeBron James,CLE,30,69,36.1,25.3,7.4,6.0,48.8,35.4,71.0,2015,0
Anthony Davis,NOP,22,68,36.1,24.4,2.2,10.2,53.5,8.3,80.5,2015,0
Carmelo Anthony,NYK,31,40,35.7,24.2,3.1,6.6,44.4,34.1,79.7,2015,0
DeMarcus Cousins,SAC,24,59,34.1,24.1,3.6,12.7,46.7,25.0,78.2,2015,0
Stephen Curry,GSW,27,80,32.7,23.8,7.7,4.3,48.7,44.3,91.4,2015,1
LaMarcus Aldridge,POR,29,71,35.4,23.4,1.7,10.2,46.6,35.2,84.5,2015,0
Kobe Bryant,LAL,36,35,34.5,22.3,5.6,5.7,37.3,29.3,81.3,2015,0
Blake Griffin,LAC,26,67,35.2,21.9,5.3,7.6,50.2,40.0,72.8,2015,0
Kyrie Irving,CLE,23,75,36.4,21.7,5.2,3.2,46.8,41.5,86.3,2015,0
Klay Thompson,GSW,25,77,31.9,21.7,2.9,3.2,46.3,43.9,87.9,2015,0
Dwyane Wade,MIA,33,62,31.8,21.5,4.8,3.5,47.0,28.4,76.8,2015,0
Chris Bosh,MIA,31,44,35.4,21.1,2.2,7.0,46.0,37.5,77.2,2015,0
Kevin Durant,OKC,25,81,38.5,32.0,5.5,7.4,50.3,39.1,87.3,2014,1
Carmelo Anthony,NYK,30,77,38.7,27.4,3.1,8.1,45.2,40.2,84.8,2014,0
LeBron James,MIA,29,77,37.7,27.1,6.3,6.9,56.7,37.9,75.0,2014,0
Kevin Love,MIN,25,77,36.3,26.1,4.4,12.5,45.7,37.6,82.1,2014,0
James Harden,HOU,24,73,38.0,25.4,6.1,4.7,45.6,36.6,86.6,2014,0
Blake Griffin,LAC,25,80,35.8,24.1,3.9,9.5,52.8,27.3,71.5,2014,0
Stephen Curry,GSW,26,78,36.5,24.0,8.5,4.3,47.1,42.4,88.5,2014,0
LaMarcus Aldridge,POR,28,69,36.2,23.2,2.6,11.1,45.8,20.0,82.2,2014,0
DeMarcus Cousins,SAC,23,71,32.4,22.7,2.9,11.7,49.6,0.0,72.6,2014,0
DeMar DeRozan,TOR,24,79,38.2,22.7,4.0,4.3,42.9,30.5,82.4,2014,0
Al Jefferson,CHH,29,73,35.0,21.8,2.1,10.8,50.9,20.0,69.0,2014,0
Russell Westbrook,OKC,25,46,30.7,21.8,6.9,5.7,43.7,31.8,82.6,2014,0
Paul George,IND,24,80,36.2,21.7,3.5,6.8,42.4,36.4,86.4,2014,0
Dirk Nowitzki,DAL,36,80,32.9,21.7,2.7,6.2,49.7,39.8,89.9,2014,0
Kyrie Irving,CLE,22,71,35.2,20.8,6.1,3.6,43.0,35.8,86.1,2014,0
Carmelo Anthony,NYK,29,67,37.0,28.7,2.6,6.9,44.9,37.9,83.0,2013,0
Kevin Durant,OKC,24,81,38.5,28.1,4.6,7.9,51.0,41.6,90.5,2013,0
Kobe Bryant,LAL,34,78,38.6,27.3,6.0,5.6,46.3,32.4,83.9,2013,0
LeBron James,MIA,28,76,37.9,26.8,7.3,8.0,56.5,40.6,75.3,2013,1
James Harden,HOU,23,78,38.3,25.9,5.8,4.9,43.8,36.8,85.1,2013,0
Russell Westbrook,OKC,24,82,34.9,23.2,7.4,5.2,43.8,32.3,80.0,2013,0
Stephen Curry,GSW,25,78,38.2,22.9,6.9,4.0,45.1,45.3,90.0,2013,0
Kyrie Irving,CLE,21,59,34.7,22.5,5.9,3.7,45.2,39.1,85.5,2013,0
Dwyane Wade,MIA,31,69,34.6,21.2,5.1,5.0,52.1,25.8,72.5,2013,0
LaMarcus Aldridge,POR,27,74,37.7,21.1,2.6,9.1,48.4,14.3,81.0,2013,0
Tony Parker,SAS,31,66,32.9,20.3,7.6,3.0,52.2,35.3,84.5,2013,0
Brook Lopez,BKN,25,74,30.5,19.4,0.9,6.9,52.1,0.0,75.8,2013,0
Monta Ellis,MIL,27,82,37.5,19.2,6.0,3.9,41.6,28.7,77.3,2013,0
Damian Lillard,POR,22,82,38.6,19.0,6.5,3.1,42.9,36.8,84.4,2013,0
Deron Williams,BKN,29,78,36.4,18.9,7.7,3.0,44.0,37.8,85.9,2013,0
Kevin Durant,OKC,23,66,38.6,28.0,3.5,8.0,49.6,38.7,86.0,2012,0
Kobe Bryant,LAL,33,58,38.5,27.9,4.6,5.4,43.0,30.3,84.5,2012,0
LeBron James,MIA,27,62,37.5,27.1,6.2,7.9,53.1,36.2,77.1,2012,1
Kevin Love,MIN,23,55,39.0,26.0,2.0,13.3,44.8,37.2,82.4,2012,0
Russell Westbrook,OKC,23,66,35.3,23.6,5.5,4.6,45.7,31.6,82.3,2012,0
Carmelo Anthony,NYK,28,55,34.1,22.6,3.6,6.3,43.0,33.5,80.4,2012,0
Dwyane Wade,MIA,30,49,33.2,22.1,4.6,4.8,49.7,26.8,79.1,2012,0
Derrick Rose,CHI,23,39,35.2,21.8,7.9,3.4,43.5,31.2,81.2,2012,0
LaMarcus Aldridge,POR,26,55,36.3,21.7,2.4,8.0,51.2,18.2,81.4,2012,0
Dirk Nowitzki,DAL,34,62,33.5,21.6,2.2,6.7,45.7,36.8,89.6,2012,0
Deron Williams,BKN,28,55,36.3,21.0,8.7,3.3,40.7,33.6,84.3,2012,0
Blake Griffin,LAC,23,66,36.2,20.7,3.2,10.9,54.9,12.5,52.1,2012,0
Dwight Howard,ORL,26,54,38.3,20.6,1.9,14.5,57.3,0.0,49.1,2012,0
Eric Gordon,NOP,23,9,34.5,20.6,3.4,2.8,45.0,25.0,75.4,2012,0
Monta Ellis,MIL,26,58,36.6,20.4,6.0,3.4,43.3,30.8,79.6,2012,0
Kevin Durant,OKC,22,78,38.9,27.7,2.7,6.8,46.2,35.0,88.0,2011,0
LeBron James,MIA,26,79,38.8,26.7,7.0,7.5,51.0,33.0,75.9,2011,0
Carmelo Anthony,NYK,27,77,35.7,25.6,2.9,7.3,45.5,37.8,83.8,2011,0
Dwyane Wade,MIA,29,76,37.1,25.5,4.6,6.4,50.0,30.6,75.8,2011,0
Kobe Bryant,LAL,32,82,33.9,25.3,4.7,5.1,45.1,32.3,82.8,2011,0
Amar'e Stoudemire,NYK,28,78,36.8,25.3,2.6,8.2,50.2,43.5,79.2,2011,0
Derrick Rose,CHI,22,81,37.4,25.0,7.7,4.1,44.5,33.2,85.8,2011,1
Monta Ellis,GSW,25,80,40.3,24.1,5.6,3.5,45.1,36.1,78.9,2011,0
Kevin Martin,HOU,28,80,32.5,23.5,2.5,3.2,43.6,38.3,88.8,2011,0
Dirk Nowitzki,DAL,33,73,34.3,23.0,2.6,7.0,51.7,39.3,89.2,2011,0
Dwight Howard,ORL,25,78,37.6,22.9,1.4,14.1,59.3,0.0,59.6,2011,0
Blake Griffin,LAC,22,82,37.9,22.5,3.8,12.1,50.6,29.2,64.2,2011,0
Eric Gordon,LAC,22,56,37.7,22.3,4.4,2.9,45.0,36.4,82.5,2011,0
Russell Westbrook,OKC,22,82,34.7,21.9,8.2,4.6,44.2,33.0,84.2,2011,0
LaMarcus Aldridge,POR,25,81,39.6,21.8,2.1,8.8,50.0,17.4,79.1,2011,0
Kevin Durant,OKC,21,82,39.5,30.1,2.8,7.6,47.6,36.5,90.0,2010,0
LeBron James,CLE,25,76,39.0,29.7,8.6,7.3,50.3,33.3,76.7,2010,1
Carmelo Anthony,DEN,26,69,38.2,28.2,3.2,6.6,45.8,31.6,83.0,2010,0
Kobe Bryant,LAL,31,73,38.8,27.0,5.0,5.4,45.6,32.9,81.1,2010,0
Dwyane Wade,MIA,28,77,36.3,26.6,6.5,4.8,47.6,30.0,76.1,2010,0
Monta Ellis,GSW,24,64,41.4,25.5,5.3,4.0,44.9,33.8,75.3,2010,0
Dirk Nowitzki,DAL,32,81,37.5,25.0,2.7,7.7,48.1,42.1,91.5,2010,0
Danny Granger,IND,27,62,36.7,24.1,2.8,5.5,42.8,36.1,84.8,2010,0
Chris Bosh,TOR,26,70,36.1,24.0,2.4,10.8,51.8,36.4,79.7,2010,0
Amar'e Stoudemire,PHX,27,82,34.6,23.1,1.0,8.9,55.7,16.7,77.1,2010,0
Gilbert Arenas,WAS,28,32,36.5,22.6,7.2,4.2,41.1,34.8,73.9,2010,0
Brandon Roy,POR,25,65,37.2,21.5,4.7,4.4,47.3,33.0,78.0,2010,0
Joe Johnson,ATL,29,76,38.0,21.3,4.9,4.6,45.8,36.9,81.8,2010,0
Derrick Rose,CHI,21,78,36.8,20.8,6.0,3.8,48.9,26.7,76.6,2010,0
Zach Randolph,MEM,28,81,37.7,20.8,1.8,11.7,48.8,28.8,77.8,2010,0
Dwyane Wade,MIA,27,79,38.6,30.2,7.5,5.0,49.1,31.7,76.5,2009,0
LeBron James,CLE,24,81,37.7,28.4,7.2,7.6,48.9,34.4,78.0,2009,1
Kobe Bryant,LAL,30,82,36.1,26.8,4.9,5.2,46.7,35.1,85.6,2009,0
Dirk Nowitzki,DAL,31,81,37.7,25.9,2.4,8.4,47.9,35.9,89.0,2009,0
Danny Granger,IND,26,67,36.2,25.8,2.7,5.1,44.7,40.4,87.8,2009,0
Kevin Durant,OKC,20,74,39.0,25.3,2.8,6.5,47.6,42.2,86.3,2009,0
Kevin Martin,SAC,26,51,38.2,24.6,2.7,3.6,42.0,41.5,86.7,2009,0
Al Jefferson,MIN,24,50,36.7,23.1,1.6,11.0,49.7,0.0,73.8,2009,0
Chris Paul,NOP,24,78,38.5,22.8,11.0,5.5,50.3,36.4,86.8,2009,0
Carmelo Anthony,DEN,25,66,34.5,22.8,3.4,6.8,44.3,37.1,79.3,2009,0
Chris Bosh,TOR,25,77,38.0,22.7,2.5,10.0,48.7,24.5,81.7,2009,0
Brandon Roy,POR,24,78,37.2,22.6,5.1,4.7,48.0,37.7,82.4,2009,0
Antawn Jamison,WAS,33,81,38.2,22.2,1.9,8.9,46.8,35.1,75.4,2009,0
Tony Parker,SAS,27,72,34.1,22.0,6.9,3.1,50.6,29.2,78.2,2009,0
Amar'e Stoudemire,PHX,26,53,36.8,21.4,2.0,8.1,53.9,42.9,83.5,2009,0
LeBron James,CLE,23,75,40.4,30.0,7.2,7.9,48.4,31.5,71.2,2008,0
Kobe Bryant,LAL,29,82,38.9,28.3,5.4,6.3,45.9,36.1,84.0,2008,1
Allen Iverson,DEN,33,82,41.8,26.4,7.1,3.0,45.8,34.5,80.9,2008,0
Carmelo Anthony,DEN,24,77,36.4,25.7,3.4,7.4,49.2,35.4,78.6,2008,0
Amar'e Stoudemire,PHX,25,79,33.9,25.2,1.5,9.1,59.0,16.1,80.5,2008,0
Dwyane Wade,MIA,26,51,38.3,24.6,6.9,4.2,46.9,28.6,75.8,2008,0
Kevin Martin,SAC,25,61,36.3,23.7,2.1,4.5,45.6,40.2,86.9,2008,0
Dirk Nowitzki,DAL,30,77,36.0,23.6,3.5,8.6,47.9,35.9,87.9,2008,0
Michael Redd,MIL,28,72,37.5,22.7,3.4,4.3,44.2,36.2,82.0,2008,0
Richard Jefferson,BKN,28,82,39.0,22.6,3.1,4.2,46.6,36.2,79.8,2008,0
Chris Bosh,TOR,24,67,36.2,22.3,2.6,8.7,49.4,40.0,84.4,2008,0
Corey Maggette,LAC,28,70,35.7,22.1,2.7,5.6,45.8,38.4,81.2,2008,0
Yao Ming,HOU,27,55,37.2,22.0,2.3,10.8,50.7,0.0,85.0,2008,0
Baron Davis,GSW,29,82,39.0,21.8,7.6,4.7,42.6,33.0,75.0,2008,0
Jason Richardson,CHH,27,82,38.4,21.8,3.1,5.4,44.1,40.6,75.2,2008,0
Kobe Bryant,LAL,28,77,40.8,31.6,5.4,5.7,46.3,34.4,86.8,2007,0
Carmelo Anthony,DEN,23,65,38.2,28.9,3.8,6.0,47.6,26.8,80.8,2007,0
Gilbert Arenas,WAS,25,74,39.8,28.4,6.0,4.6,41.8,35.1,84.4,2007,0
Dwyane Wade,MIA,25,51,37.9,27.4,7.5,4.7,49.1,26.6,80.7,2007,0
LeBron James,CLE,22,78,40.9,27.3,6.0,6.7,47.6,31.9,69.8,2007,0
Michael Redd,MIL,27,53,38.4,26.7,2.3,3.7,46.5,38.2,82.9,2007,0
Ray Allen,OKC,31,55,40.3,26.4,4.1,4.5,43.8,37.2,90.3,2007,0
Allen Iverson,DEN,32,65,42.5,26.3,7.2,3.0,44.2,31.5,79.5,2007,0
Vince Carter,BKN,30,82,38.1,25.2,4.8,6.0,45.4,35.7,80.2,2007,0
Yao Ming,HOU,26,48,33.8,25.0,2.0,9.4,51.6,0.0,86.2,2007,0
Joe Johnson,ATL,26,57,41.4,25.0,4.4,4.2,47.1,38.1,74.8,2007,0
Paul Pierce,BOS,29,47,37.0,25.0,4.1,5.9,43.9,38.9,79.6,2007,0
Tracy McGrady,HOU,28,71,35.8,24.6,6.5,5.3,43.1,33.1,70.7,2007,0
Dirk Nowitzki,DAL,29,78,36.2,24.6,3.4,8.9,50.2,41.6,90.4,2007,1
Zach Randolph,POR,25,68,35.7,23.6,2.2,10.1,46.7,29.2,81.9,2007,0
Kobe Bryant,LAL,27,80,41.0,35.4,4.5,5.3,45.0,34.7,85.0,2006,0
Allen Iverson,PHI,31,72,43.1,33.0,7.4,3.2,44.7,32.3,81.4,2006,0
LeBron James,CLE,21,79,42.5,31.4,6.6,7.0,48.0,33.5,73.8,2006,0
Gilbert Arenas,WAS,24,80,42.3,29.3,6.1,3.5,44.7,36.9,82.0,2006,0
Dwyane Wade,MIA,24,75,38.6,27.2,6.7,5.7,49.5,17.1,78.3,2006,0
Paul Pierce,BOS,28,79,39.0,26.8,4.7,6.7,47.1,35.4,77.2,2006,0
Dirk Nowitzki,DAL,28,81,38.1,26.6,2.8,9.0,48.0,40.6,90.1,2006,0
Carmelo Anthony,DEN,22,80,36.8,26.5,2.7,4.9,48.1,24.3,80.8,2006,0
Michael Redd,MIL,26,80,39.1,25.4,2.9,4.3,45.0,39.5,87.7,2006,0
Ray Allen,OKC,30,78,38.7,25.1,3.7,4.3,45.4,41.2,90.3,2006,0
Elton Brand,LAC,27,79,39.2,24.7,2.6,10.0,52.7,33.3,77.5,2006,0
Tracy McGrady,HOU,27,47,37.1,24.4,4.8,6.5,40.6,31.2,74.7,2006,0
Vince Carter,BKN,29,79,36.8,24.2,4.3,5.8,43.0,34.1,79.9,2006,0
Jason Richardson,GSW,25,75,38.4,23.2,3.1,5.8,44.6,38.4,67.3,2006,0
Steve Nash,PHX,32,79,35.4,18.8,10.5,4.2,51.2,43.9,92.1,2006,1
Allen Iverson,PHI,30,75,42.3,30.7,7.9,4.0,42.4,30.8,83.5,2005,0
Kobe Bryant,LAL,26,66,40.8,27.6,6.0,5.9,43.3,33.9,81.6,2005,0
LeBron James,CLE,20,80,42.3,27.2,7.2,7.4,47.2,35.1,75.0,2005,0
Dirk Nowitzki,DAL,27,78,38.8,26.1,3.1,9.7,45.9,39.9,86.9,2005,0
Amar'e Stoudemire,PHX,22,80,36.1,26.0,1.6,8.9,55.9,18.8,73.3,2005,0
Tracy McGrady,HOU,26,78,40.9,25.7,5.7,6.2,43.1,32.6,77.4,2005,0
Gilbert Arenas,WAS,23,80,41.0,25.5,5.1,4.7,43.1,36.5,81.4,2005,0
Metta World Peace,IND,25,7,41.4,24.6,3.1,6.4,49.6,41.2,92.2,2005,0
Vince Carter,BKN,28,77,36.9,24.5,4.2,5.2,45.2,40.6,79.8,2005,0
Jermaine O'Neal,IND,26,44,35.0,24.3,1.9,8.8,45.2,16.7,75.4,2005,0
Dwyane Wade,MIA,23,77,38.7,24.1,6.8,5.2,47.8,28.9,76.2,2005,0
Ray Allen,OKC,29,78,39.3,23.9,3.7,4.4,42.8,37.6,88.3,2005,0
Michael Redd,MIL,25,75,38.0,23.0,2.3,4.2,44.1,35.5,85.4,2005,0
Shaquille O'Neal,MIA,33,73,34.2,22.9,2.7,10.4,60.1,0.0,46.1,2005,0
Steve Nash,PHX,31,75,34.3,15.5,11.5,3.3,50.2,43.1,88.7,2005,1
Tracy McGrady,ORL,25,67,40.1,28.0,5.5,6.0,41.7,33.9,79.6,2004,0
Allen Iverson,PHI,29,48,42.6,26.4,6.8,3.7,38.7,28.6,74.5,2004,0
Peja Stojakovic,SAC,27,81,40.4,24.2,2.1,6.3,48.0,43.3,92.7,2004,0
Kevin Garnett,MIN,28,82,39.5,24.2,5.0,13.9,49.9,25.6,79.1,2004,1
Kobe Bryant,LAL,25,65,37.7,24.0,5.1,5.5,43.8,32.7,85.2,2004,0
Ray Allen,OKC,28,56,38.5,23.0,4.8,5.1,44.0,39.2,90.4,2004,0
Paul Pierce,BOS,26,80,38.7,23.0,5.1,6.5,40.2,29.9,81.9,2004,0
Baron Davis,NOP,25,67,40.1,22.9,7.5,4.3,39.5,32.1,67.3,2004,0
Vince Carter,TOR,27,73,38.2,22.5,4.8,4.8,41.7,38.3,80.6,2004,0
Tim Duncan,SAS,28,69,36.6,22.3,3.1,12.4,50.1,16.7,59.9,2004,0
Dirk Nowitzki,DAL,26,77,37.9,21.8,2.7,8.7,46.2,34.1,87.7,2004,0
Michael Redd,MIL,24,82,36.8,21.7,2.3,5.0,44.0,35.0,86.8,2004,0
Shaquille O'Neal,LAL,32,67,36.8,21.5,2.9,11.5,58.4,0.0,49.0,2004,0
Carmelo Anthony,DEN,20,82,36.5,21.0,2.8,6.1,42.6,32.2,77.7,2004,0
LeBron James,CLE,19,79,39.6,20.9,5.9,5.5,41.7,29.0,75.4,2004,0
Tracy McGrady,ORL,24,75,39.3,32.1,5.5,6.5,45.7,38.6,79.3,2003,0
Kobe Bryant,LAL,24,82,41.5,30.0,5.9,6.9,45.1,38.3,84.3,2003,0
Allen Iverson,PHI,28,82,42.5,27.6,5.5,4.2,41.4,27.7,77.4,2003,0
Shaquille O'Neal,LAL,31,67,37.8,27.5,3.1,11.1,57.4,0.0,62.2,2003,0
Paul Pierce,BOS,25,79,39.2,25.9,4.4,7.3,41.6,30.2,80.2,2003,0
Dirk Nowitzki,DAL,25,80,39.0,25.1,3.0,9.9,46.3,37.9,88.1,2003,0
Tim Duncan,SAS,27,81,39.3,23.3,3.9,12.9,51.3,27.3,71.0,2003,1
Chris Webber,SAC,30,67,39.1,23.0,5.4,10.5,46.1,23.8,60.7,2003,0
Kevin Garnett,MIN,27,82,40.5,23.0,6.0,13.4,50.2,28.2,75.1,2003,0
Ray Allen,OKC,27,76,37.9,22.5,4.4,5.0,43.9,37.7,91.6,2003,0
Allan Houston,NYK,32,82,37.9,22.5,2.7,2.8,44.5,39.6,91.9,2003,0
Stephon Marbury,PHX,26,81,40.1,22.3,8.1,3.2,43.9,30.1,80.3,2003,0
Antawn Jamison,GSW,27,82,39.4,22.2,1.9,7.0,47.0,31.1,78.9,2003,0
Jalen Rose,CHI,30,82,40.9,22.1,4.8,4.3,40.6,37.0,85.4,2003,0
Jamal Mashburn,NOP,30,82,40.6,21.6,5.6,6.1,42.2,38.9,84.8,2003,0
Allen Iverson,PHI,27,60,43.7,31.4,5.5,4.5,39.8,29.1,81.2,2002,0
Shaquille O'Neal,LAL,30,67,36.1,27.2,3.0,10.7,57.9,0.0,55.5,2002,0
Paul Pierce,BOS,24,82,40.2,26.1,3.2,6.9,44.2,40.4,80.9,2002,0
Tracy McGrady,ORL,23,76,38.3,25.6,5.3,7.8,45.1,36.4,74.8,2002,0
Tim Duncan,SAS,26,82,40.6,25.5,3.7,12.7,50.8,10.0,79.9,2002,1
Kobe Bryant,LAL,23,80,38.3,25.2,5.5,5.5,46.9,25.0,82.9,2002,0
Vince Carter,TOR,25,60,39.8,24.7,4.0,5.2,42.8,38.7,79.8,2002,0
Chris Webber,SAC,29,54,38.4,24.5,4.8,10.1,49.5,26.3,74.9,2002,0
Dirk Nowitzki,DAL,24,76,38.0,23.4,2.4,9.9,47.7,39.7,85.3,2002,0
Michael Jordan,WAS,39,60,34.8,22.9,5.2,5.7,41.6,18.9,79.0,2002,0
Karl Malone,UTA,38,80,38.0,22.4,4.3,8.6,45.4,36.0,79.7,2002,0
Antoine Walker,BOS,25,81,42.1,22.1,5.0,8.8,39.4,34.4,74.1,2002,0
Gary Payton,OKC,33,82,40.2,22.1,9.0,4.8,46.7,31.4,79.7,2002,0
Ray Allen,MIL,26,69,36.6,21.8,3.9,4.5,46.2,43.4,87.3,2002,0
Cuttino Mobley,HOU,26,74,42.1,21.7,2.5,4.1,43.8,39.5,85.0,2002,0
Allen Iverson,PHI,26,71,41.9,31.1,4.6,3.8,42.0,32.0,81.4,2001,1
Jerry Stackhouse,DET,26,80,40.1,29.8,5.1,3.9,40.2,35.1,82.2,2001,0
Shaquille O'Neal,LAL,29,74,39.5,28.7,3.7,12.7,57.2,0.0,51.3,2001,0
Kobe Bryant,LAL,22,68,41.0,28.5,5.0,5.9,46.4,30.5,85.3,2001,0
Vince Carter,TOR,24,75,39.7,27.6,3.9,5.5,46.0,40.8,76.5,2001,0
Chris Webber,SAC,28,70,40.5,27.1,4.2,11.1,48.1,7.1,70.3,2001,0
Tracy McGrady,ORL,22,77,40.2,26.8,4.6,7.5,45.7,35.5,73.3,2001,0
Paul Pierce,BOS,23,82,38.1,25.3,3.1,6.4,45.4,38.3,74.5,2001,0
Antawn Jamison,GSW,25,82,41.4,24.9,2.0,8.7,44.2,30.2,71.5,2001,0
Stephon Marbury,BKN,24,67,38.2,23.9,7.6,3.1,44.1,32.8,79.0,2001,0
Antoine Walker,BOS,24,81,41.9,23.4,5.5,8.9,41.3,36.7,71.6,2001,0
Karl Malone,UTA,37,81,35.7,23.2,4.5,8.3,49.8,40.0,79.3,2001,0
Gary Payton,OKC,32,79,41.1,23.1,8.1,4.6,45.6,37.5,76.6,2001,0
Tim Duncan,SAS,25,82,38.7,22.2,3.0,12.2,49.9,25.9,61.8,2001,0
Glenn Robinson,MIL,28,76,37.0,22.0,3.3,6.9,46.8,29.9,82.0,2001,0
Shaquille O'Neal,LAL,28,79,40.1,29.7,3.8,13.6,57.4,0.0,52.4,2000,1
Allen Iverson,PHI,25,70,40.8,28.4,4.7,3.8,42.1,34.1,71.3,2000,0
Grant Hill,DET,27,74,37.5,25.8,5.2,6.6,48.9,34.7,79.5,2000,0
Vince Carter,TOR,23,82,38.1,25.7,3.9,5.8,46.5,40.3,79.1,2000,0
Karl Malone,UTA,36,82,35.9,25.5,3.7,9.5,50.9,25.0,79.7,2000,0
Chris Webber,SAC,27,75,38.4,24.5,4.6,10.5,48.3,28.4,75.1,2000,0
Gary Payton,OKC,31,82,41.8,24.2,8.9,6.5,44.8,34.0,73.5,2000,0
Jerry Stackhouse,DET,25,82,38.4,23.6,4.5,3.8,42.8,28.8,81.5,2000,0
Tim Duncan,SAS,24,74,38.9,23.2,3.2,12.4,49.0,9.1,76.1,2000,0
Kevin Garnett,MIN,24,81,40.0,22.9,5.0,11.8,49.7,37.0,76.5,2000,0
Michael Finley,DAL,27,82,42.3,22.6,5.3,6.3,45.7,40.1,82.0,2000,0
Kobe Bryant,LAL,21,66,38.2,22.5,4.9,6.3,46.8,31.9,82.1,2000,0
Stephon Marbury,BKN,23,74,38.9,22.2,8.4,3.2,43.2,28.3,81.3,2000,0
Ray Allen,MIL,24,82,37.5,22.1,3.8,4.4,45.5,42.3,88.7,2000,0
Alonzo Mourning,MIA,30,79,34.7,21.7,1.6,9.5,55.1,0.0,71.1,2000,0
Allen Iverson,PHI,24,48,41.5,26.8,4.6,4.9,41.2,29.1,75.1,1999,0
Shaquille O'Neal,LAL,27,49,34.8,26.3,2.3,10.7,57.6,0.0,54.0,1999,0
Karl Malone,UTA,35,49,37.4,23.8,4.1,9.4,49.3,0.0,78.8,1999,1
Shareef Abdur-Rahim,MEM,22,50,40.4,23.0,3.4,7.5,43.2,30.6,84.1,1999,0
Keith Van Horn,BKN,23,42,37.5,21.8,1.5,8.5,42.8,30.2,85.9,1999,0
Gary Payton,OKC,30,50,40.2,21.7,8.7,4.9,43.4,29.5,72.1,1999,0
Tim Duncan,SAS,23,50,39.3,21.7,2.4,11.4,49.5,14.3,69.0,1999,0
Stephon Marbury,BKN,22,49,38.6,21.3,8.9,2.9,42.8,33.5,79.9,1999,0
Antonio McDyess,DEN,24,50,38.7,21.2,1.6,10.7,47.1,11.1,68.0,1999,0
Grant Hill,DET,26,50,37.0,21.1,6.0,7.1,47.9,0.0,75.2,1999,0
Kevin Garnett,MIN,23,47,37.9,20.8,4.3,10.4,46.0,28.6,70.4,1999,0
Shawn Kemp,CLE,29,42,35.0,20.5,2.4,9.2,48.2,50.0,78.9,1999,0
Michael Finley,DAL,26,50,41.1,20.2,4.4,5.3,44.4,33.1,82.3,1999,0
Alonzo Mourning,MIA,29,46,38.2,20.1,1.6,11.0,51.2,0.0,65.2,1999,0
Chris Webber,SAC,26,42,41.0,20.0,4.1,13.0,48.6,11.8,45.4,1999,0
Michael Jordan,CHI,35,82,38.8,28.7,3.5,5.8,46.5,23.8,78.4,1998,1
Shaquille O'Neal,LAL,26,60,36.2,28.3,2.4,11.4,58.4,0.0,52.7,1998,0
Karl Malone,UTA,34,81,37.4,27.0,3.9,10.3,53.0,33.3,76.1,1998,0
Glenn Robinson,MIL,25,56,40.9,23.4,2.8,5.5,47.0,38.5,80.8,1998,0
Mitch Richmond,SAC,33,70,36.7,23.2,4.0,3.3,44.5,38.9,86.4,1998,0
Antoine Walker,BOS,21,82,39.9,22.4,3.3,10.2,42.3,31.2,64.5,1998,0
Shareef Abdur-Rahim,MEM,21,82,35.9,22.3,2.6,7.1,48.4,41.2,78.4,1998,0
Glen Rice,CHH,31,82,40.2,22.3,2.2,4.3,45.7,43.3,84.9,1998,0
Allen Iverson,PHI,23,80,39.4,22.0,6.2,3.7,46.1,29.8,72.9,1998,0
Chris Webber,WAS,25,71,39.6,21.9,3.8,9.5,48.2,31.7,58.9,1998,0
David Robinson,SAS,32,73,33.7,21.6,2.7,10.6,51.1,25.0,73.5,1998,0
Michael Finley,DAL,25,82,41.4,21.5,4.9,5.3,44.9,35.7,78.4,1998,0
Latrell Sprewell,GSW,27,14,39.1,21.4,4.9,3.6,39.7,18.8,74.5,1998,0
Grant Hill,DET,25,81,40.7,21.1,6.8,7.7,45.2,14.3,74.0,1998,0
Tim Duncan,SAS,22,82,39.1,21.1,2.7,11.9,54.9,0.0,66.2,1998,0
Michael Jordan,CHI,34,82,37.9,29.6,4.3,5.9,48.6,37.4,83.3,1997,0
Karl Malone,UTA,33,82,36.6,27.4,4.5,9.9,55.0,0.0,75.5,1997,1
Glen Rice,CHH,30,79,42.5,26.8,2.0,4.0,47.7,47.0,86.7,1997,0
Shaquille O'Neal,LAL,25,51,38.1,26.2,3.1,12.5,55.7,0.0,48.4,1997,0
Mitch Richmond,SAC,32,81,38.6,25.9,4.2,3.9,45.4,42.8,86.1,1997,0
Latrell Sprewell,GSW,26,80,41.9,24.2,6.3,4.6,44.9,35.4,84.3,1997,0
Allen Iverson,PHI,22,76,40.0,23.5,7.5,4.1,41.6,34.1,70.2,1997,0
Hakeem Olajuwon,HOU,34,78,36.5,23.2,3.0,9.2,51.0,31.3,78.7,1997,0
Patrick Ewing,NYK,34,78,37.0,22.4,2.0,10.7,48.8,22.2,75.4,1997,0
LaPhonso Ellis,DEN,27,55,36.4,21.9,2.4,7.0,43.9,36.7,77.3,1997,0
Kendall Gill,BKN,29,82,39.0,21.8,4.0,6.1,44.3,33.6,79.7,1997,0
Gary Payton,OKC,28,82,39.2,21.8,7.1,4.6,47.6,31.3,71.5,1997,0
Reggie Miller,IND,31,81,36.6,21.6,3.4,3.5,44.4,42.7,88.0,1997,0
Grant Hill,DET,24,80,39.3,21.4,7.3,9.0,49.6,30.3,71.1,1997,0
Glenn Robinson,MIL,24,80,38.9,21.1,3.1,6.3,46.5,35.0,79.1,1997,0
